USE u18108467_upbank;

INSERT INTO OWNERS 
VALUES 	('C0000001'),
		('C0000002'),
        ('C0000003'),
        ('C0000004'),
        ('C0000005'),
        ('C0000006'),
        ('C0000007'),
        ('B0000001'),
		('B0000002'),
        ('B0000003'),
        ('B0000004'),
        ('B0000005'),
        ('B0000006'),
        ('B0000007');
        
INSERT INTO CLIENTS 
VALUES 	('C0000001', 'Mr', 'A', 'B', 'C'),
		('C0000002', 'Mr', 'D', 'E', 'F'),
        ('C0000003', 'Mr', 'A', 'F', 'C'),
        ('C0000004', 'Mr', 'U', '', 'D'),
        ('C0000005', 'Mr', 'R', 'D', 'B'),
        ('C0000006', 'Mr', 'M', 'S', 'C'),
        ('C0000007', 'Mr', 'A', '', 'K');
        
INSERT INTO BRANCH 
VALUES 	('B0000001', '07:30', '16:00', 'Monday'),
		('B0000002', '07:30', '16:00', 'Monday'),
        ('B0000003', '07:30', '16:00', 'Monday'),
        ('B0000004', '07:30', '16:00', 'Monday'),
        ('B0000005', '07:30', '16:00', 'Monday'),
        ('B0000006', '07:30', '16:00', 'Monday'),
        ('B0000007', '07:30', '16:00', 'Monday');

INSERT INTO ADDRESS 
VALUES 	('C0000001', 'physical', '333', '1\'st', 'Greenwood', 'Nature', '7777'),
		('C0000002', 'physical', '333', '1\'st', 'Greenwood', 'Nature', '7777'),
        ('C0000003', 'physical', '333', '1\'st', 'Greenwood', 'Nature', '7777'),
        ('C0000004', 'physical', '333', '1\'st', 'Greenwood', 'Nature', '7777'),
        ('C0000005', 'postal'  , '888', '1\'st', 'Greenwood', 'Nature', '7777'),
        ('C0000006', 'physical', '333', '1\'st', 'Greenwood', 'Nature', '7777'),
        ('C0000007', 'physical', '333', '1\'st', 'Greenwood', 'Nature', '7777'),
        ('B0000001', 'physical', '333', '1\'st', 'Randburg' , 'Nature', '7777'),
		('B0000002', 'physical', '333', '1\'st', 'Hatfield' , 'Nature', '7777'),
        ('B0000003', 'physical', '333', '1\'st', 'Groenkloof', 'Nature', '7777'),
        ('B0000004', 'physical', '333', '1\'st', 'Greenwood', 'Nature', '7777'),
        ('B0000005', 'physical', '333', '1\'st', 'Greenwood', 'Nature', '7777'),
        ('B0000006', 'physical', '333', '1\'st', 'Greenwood', 'Nature', '7777'),
        ('B0000007', 'physical', '333', '1\'st', 'Greenwood', 'Nature', '7777');
        
INSERT INTO CONTACTDETAILS 
VALUES 	('C0000001', 'mphone', '0123456789'),
		('C0000002', 'mphone', '0123456789'),
        ('C0000003', 'mphone', '0123456789'),
        ('C0000004', 'IG'    , '@TreeLover'),
        ('C0000005', 'mphone', '0123456789'),
        ('C0000006', 'mphone', '0123456789'),
        ('C0000007', 'mphone', '0123456789'),
        ('B0000001', 'mphone', '0123456789'),
		('B0000002', 'mphone', '0123456789'),
        ('B0000003', 'mphone', '0123456789'),
        ('B0000004', 'mphone', '0123456789'),
        ('B0000005', 'mphone', '0123456789'),
        ('B0000006', 'mphone', '0123456789'),
        ('B0000007', 'mphone', '0123456789');
        
INSERT INTO ACCOUNT 
VALUES 	('A0000001', 10.5, 'ZAR', TRUE, 0.3, 32, FALSE, 'C0000001', 'B0000001', 'O0000001'),
		('A0000002', 10.5, 'ZAR', TRUE, 0.3, 32, FALSE, 'C0000002', 'B0000002', 'O0000002'),
        ('A0000003', 10.5, 'ZAR', TRUE, 0.3, 32, FALSE, 'C0000003', 'B0000003', 'O0000003'),
        ('A0000004', 10.5, 'ZAR', TRUE, 0.3, 32, FALSE, 'C0000004', 'B0000002', 'O0000004'),
        ('A0000005', 10.5, 'ZAR', TRUE, 0.3, 32, FALSE, 'C0000005', 'B0000002', 'O0000005'),
        ('A0000006', 10.5, 'ZAR', TRUE, 0.3, 32, FALSE, 'C0000006', 'B0000003', 'O0000006'),
        ('A0000007', 10.5, 'ZAR', TRUE, 0.3, 32, FALSE, 'C0000007', 'B0000001', 'O0000007');
        
INSERT INTO TRANSACTION 
VALUES 	('T0000001', '2022-04-01', 21.9 ,'ZAR', 'A0000001', 'A0000003'),
		('T0000002', '2022-04-01', 21.9 ,'ZAR', 'A0000004', 'A0000002'),
        ('T0000003', '2022-04-01', 21.9 ,'ZAR', 'A0000007', 'A0000003'),
        ('T0000004', '2022-04-01', 21.9 ,'ZAR', 'A0000004', 'A0000001'),
        ('T0000005', '2022-04-01', 21.9 ,'ZAR', 'A0000004', 'A0000002'),
        ('T0000006', '2022-04-01', 21.9 ,'ZAR', 'A0000004', 'A0000002'),
        ('T0000007', '2022-04-01', 21.9 ,'ZAR', 'A0000004', 'A0000002'),
        ('T0000008', '2022-04-01', 21.9 ,'ZAR', 'A0000004', 'A0000002'),
        ('T0000009', '2022-04-01', 21.9 ,'ZAR', 'A0000004', 'A0000002'),
        ('T0000010', '2022-04-01', 21.9 ,'ZAR', 'A0000004', 'A0000002'),
        ('T0000011', '2022-04-01', 21.9 ,'ZAR', 'A0000004', 'A0000002'),
        ('T0000012', '2022-04-01', 21.9 ,'ZAR', 'A0000004', 'A0000002'),
        ('T0000013', '2022-04-01', 21.9 ,'ZAR', 'A0000004', 'A0000002'),
        ('T0000014', '2022-04-01', 21.9 ,'ZAR', 'A0000004', 'A0000002'),
        ('T0000015', '2022-04-01', 21.9 ,'ZAR', 'A0000004', 'A0000002'),
        ('T0000016', '2022-04-01', 21.9 ,'ZAR', 'A0000004', 'A0000002'),
        ('T0000017', '2022-04-01', 21.9 ,'ZAR', 'A0000004', 'A0000002'),
        ('T0000018', '2022-04-01', 21.9 ,'ZAR', 'A0000004', 'A0000002'),
        ('T0000019', '2022-04-01', 21.9 ,'ZAR', 'A0000004', 'A0000002'),
        ('T0000020', '2022-04-01', 21.9 ,'ZAR', 'A0000004', 'A0000002'),
        ('T0000021', '2022-04-01', 21.9 ,'ZAR', 'A0000004', 'A0000002'),
        ('T0000022', '2022-04-01', 21.9 ,'ZAR', 'A0000004', 'A0000002'),
        ('T0000023', '2022-04-01', 21.9 ,'ZAR', 'A0000004', 'A0000002'),
        ('T0000024', '2022-04-01', 21.9 ,'ZAR', 'A0000004', 'A0000002'),
        ('T0000025', '2022-04-01', 21.9 ,'ZAR', 'A0000004', 'A0000002'),
        ('T0000026', '2022-04-01', 21.9 ,'ZAR', 'A0000004', 'A0000002'),
        ('T0000027', '2022-04-01', 21.9 ,'ZAR', 'A0000004', 'A0000002'),
        ('T0000028', '2022-04-01', 21.9 ,'ZAR', 'A0000004', 'A0000002'),
        ('T0000029', '2022-04-01', 21.9 ,'ZAR', 'A0000007', 'A0000001');
        
INSERT INTO ATM 
VALUES 	('ABC12301', '2022-04-02', 'CI000001', 55.55, 'B0000001', 'O0000008'),
		('ABC12302', '2022-04-02', 'CI000002', 55.55, 'B0000002', 'O0000009'),
        ('ABC12203', '2022-04-02', 'CI000003', 55.55, 'B0000003', 'O0000010'),
        ('ZYX32104', '2022-04-02', 'CI000004', 55.55, 'B0000003', 'O0000011'),
        ('ZYX32ABC', '2022-04-02', 'CI000005', 55.55, 'B0000002', 'O0000012'),
        ('ZYX32106', '2022-04-02', 'CI000006', 55.55, 'B0000001', 'O0000013'),
        ('ABC12307', '2022-04-02', 'CI000007', 55.55, 'B0000001', 'O0000014');
        
INSERT INTO CONTRACTS 
VALUES 	('CI000001', '2022-04-01', '2022-04-03', 'ABC12301'),
		('CI000002', '2022-04-01', '2022-04-03', 'ABC12302'),
        ('CI000003', '2022-04-01', '2022-04-03', 'ABC12203'),
        ('CI000004', '2022-04-01', '2022-04-03', 'ZYX32104'),
        ('CI000005', '2022-04-01', '2022-04-03', 'ZYX32ABC'),
        ('CI000006', '2022-04-01', '2022-04-03', 'ZYX32106'),
        ('CI000007', '2022-04-01', '2022-04-03', 'ABC12307');
        
INSERT INTO VALIDATION 
VALUES 	('C0000001', 'ID', 'copy', 'proof.pdf'),
		('C0000002', 'ID', 'copy', 'proof.pdf'),
        ('C0000003', 'ID', 'copy', 'proof.pdf'),
        ('C0000004', 'ID', 'copy', 'proof.pdf'),
        ('C0000005', 'ID', 'copy', 'proof.pdf'),
        ('C0000007', 'ID', 'copy', 'proof.pdf');
        
INSERT INTO OWNED 
VALUES 	('O0000001'),
		('O0000002'),
        ('O0000003'),
        ('O0000004'),
        ('O0000005'),
        ('O0000006'),
        ('O0000007'),
        ('O0000008'),
		('O0000009'),
        ('O0000010'),
        ('O0000011'),
        ('O0000012'),
        ('O0000013'),
        ('O0000014');